doc_id,original_filename,file_type,text_file_path,character_count,word_count,read_status,error_message,created_at
companies_act_1967_c8232023ef,Companies Act 1967.pdf,.pdf,processed/texts/companies_act_1967_c8232023ef.txt,1090870,191424,success,,2026-05-19T15:35:25.691730+00:00
entranslation_of_the_personal_data_protection_act_0_1c77b4099e,entranslation_of_the_personal_data_protection_act_0.pdf,.pdf,processed/texts/entranslation_of_the_personal_data_protection_act_0_1c77b4099e.txt,104440,17330,success,,2026-05-19T15:35:27.103225+00:00
m_29_1bf3c639ac,M-29.pdf,.pdf,processed/texts/m_29_1bf3c639ac.txt,15262,3422,success,,2026-05-19T15:35:27.241909+00:00
personal_data_protection_amendment_act_2020_d7cc5937b1,Personal Data Protection (Amendment) Act 2020.pdf,.pdf,processed/texts/personal_data_protection_amendment_act_2020_d7cc5937b1.txt,154277,25959,success,,2026-05-19T15:35:27.260532+00:00
personal_data_protection_act_2012_e857c5e9da,Personal Data Protection Act 2012.pdf,.pdf,processed/texts/personal_data_protection_act_2012_e857c5e9da.txt,200112,33698,success,,2026-05-19T15:35:27.351657+00:00
t_0052_bb7bba92b8,T_0052.pdf,.pdf,processed/texts/t_0052_bb7bba92b8.txt,83918,17100,success,,2026-05-19T15:35:27.472287+00:00
document_0e841274ea,中华人民共和国个人信息保护法.docx,.docx,processed/texts/document_0e841274ea.txt,9551,789,success,,2026-05-19T15:35:27.550969+00:00
document_ba5049f6a2,中华人民共和国网络安全法.docx,.docx,processed/texts/document_ba5049f6a2.txt,10325,890,success,,2026-05-19T15:35:27.932841+00:00
document_318a65d5a2,网络预约出租汽车经营服务管理暂行办法.docx,.docx,processed/texts/document_318a65d5a2.txt,6946,572,success,,2026-05-19T15:35:27.951445+00:00
